{
  "overall_score": 0.7086200353994513,
  "concerns": [
    "Pigmentation",
    "Puffiness"
  ],
  "recommendations": [
    "SPF защита ежедневно",
    "Средства с витамином C и ниацинамидом",
    "Лимфодренажный массаж",
    "Контроль потребления соли",
    "Мягкие эксфолианты для выравнивания текстуры"
  ],
  "metrics_summary": {
    "paleness": 0.10765065296082091,
    "cyanosis": 0.0,
    "jaundice": 0.21876436421378126,
    "redness": 0.471940279006958,
    "acne_spots": 0.0,
    "oiliness": 5.5515306958011e-05,
    "pigmentation": 0.7521090419322534,
    "vascularity": 0.1863463803557236,
    "puffiness": 0.7971431502595492,
    "dark_circles": 0.425680482153799,
    "wrinkles": 0.06698977977455683,
    "texture_roughness": 0.7139261152312264,
    "pore_size": 0.2866070247218914,
    "mild_acne": 0.6000742054603005,
    "moderate_acne": 0.26110699372584506,
    "severe_acne": 0.07753637871802202
  }
}