{
  "overall_score": 0.6906263146468341,
  "recommendations": [
    "SPF защита ежедневно",
    "Средства с витамином C и ниацинамидом",
    "Лимфодренажный массаж",
    "Контроль потребления соли",
    "Мягкие эксфолианты для выравнивания текстуры"
  ],
  "features": [
    [
      "Эмоциональное состояние стабильное",
      "Цвет лица здоровый"
    ],
    [
      "Признаки усталости",
      "Выраженные воспаления или шероховатость кожи",
      "Наблюдаются отеки",
      "Кожа может быть пересушена"
    ]
  ],
  "metrics_summary": {
    "paleness": 0.14233709375142053,
    "cyanosis": 0.0,
    "jaundice": 0.06334847552594028,
    "redness": 0.45212453603744507,
    "acne_spots": 0.0,
    "oiliness": 0.0034968295412159643,
    "pigmentation": 1.0,
    "vascularity": 0.16353506154419992,
    "puffiness": 0.7108387352365252,
    "dark_circles": 0.4303034763710172,
    "wrinkles": 0.10550644111054809,
    "texture_roughness": 0.7634355861611107,
    "pore_size": 0.4151436031331593,
    "mild_acne": 0.8299142111152554,
    "moderate_acne": 0.40504942185751586,
    "severe_acne": 0.1188922044013428
  }
}